ID,labels
test_2,0.001006959
test_3,0.000419048
test_4,0.9995863
test_8,0.99345315
test_9,0.97432965
test_10,0.9988047
test_11,0.99123025
test_14,0.000390562
test_16,0.000416866
test_19,0.9993529
test_20,0.002955345
test_22,0.99867
test_23,0.000689443
test_24,0.9995702
test_26,0.000965972
test_27,0.99770373
test_28,0.9771528
test_30,0.000407326
test_33,0.9995678
test_34,0.000453643
test_35,0.9720809
test_36,0.9978097
test_37,0.99820936
test_40,0.9986725
test_41,0.00035389
test_42,0.9995172
test_43,0.000267086
test_44,0.00071458
test_45,0.000692187
test_46,0.99922097
test_48,0.9957694
test_49,0.99808633
test_51,0.000596795
test_52,0.9751227
test_53,0.9953849
test_54,0.000620108
test_55,0.000246467
test_56,0.000385686
test_58,0.000440179
test_59,0.99959475
test_63,0.00059811
test_64,0.99647826
test_65,0.1596146
test_66,0.000557967
test_67,0.000875326
test_69,0.9929905
test_70,0.000724206
test_71,0.99957544
test_72,0.001028043
test_75,0.22870032
test_76,0.9961494
test_78,0.9987016
test_80,0.9942372
test_81,0.000598515
test_83,0.020870524
test_85,0.000613973
test_90,0.000449121
test_92,0.000908191
test_93,0.004078983
test_94,0.998806
test_95,0.000740026
test_96,0.001698224
test_97,0.9990195
test_98,0.9975636
test_101,0.00033314
test_102,0.000377256
test_103,0.002041418
test_105,0.55351084
test_106,0.000945188
test_107,0.000420194
test_108,0.001231194
test_109,0.74883056
test_110,0.000699197
test_111,0.000440637
test_112,0.99787855
test_115,0.99846375
test_116,0.000514683
test_119,0.00031846
test_120,0.99343276
test_123,0.85042995
test_124,0.9994106
test_125,0.000624231
test_126,0.059209637
test_127,0.000557912
test_130,0.9960103
test_132,0.000427034
test_133,0.04693811
test_134,0.000402485
test_136,0.9976909
test_137,0.9637853
test_138,0.998879
test_140,0.000498563
test_141,0.000364852
test_142,0.000874234
test_143,0.99923456
test_145,0.000788486
test_146,0.9548794
test_147,0.99634665
test_148,0.001345717
test_149,0.003126752
test_150,0.06705623
test_151,0.99953413
test_153,0.99949443
test_154,0.9987733
test_157,0.9981653
test_158,0.002258746
test_160,0.059667945
test_163,0.5373558
test_165,0.000584157
test_167,0.000861413
test_168,0.9894175
test_169,0.99864
test_170,0.00202986
test_171,0.30354044
test_172,0.006822746
test_173,0.98284125
test_174,0.87138325
test_175,0.000633487
test_176,0.000863824
test_177,0.99615544
test_178,0.99832517
test_179,0.000323016
test_181,0.7914277
test_184,0.003123359
test_186,0.004071524
test_188,0.000603421
test_189,0.000447683
test_190,0.99949217
test_192,0.9879318
test_193,0.99854636
test_195,0.99871206
test_196,0.000574568
test_197,0.000941408
test_198,0.6376166
test_201,0.9977416
test_202,0.000331066
test_203,0.001933287
test_208,0.99882156
test_209,0.9993474
test_210,0.35964122
test_211,0.000507829
test_212,0.9992873
test_213,0.001400768
test_214,0.001243927
test_215,0.99375004
test_216,0.9994305
test_218,0.9982084
test_219,0.9991779
test_220,0.000581842
test_221,0.99964297
test_222,0.9994209
test_223,0.000314628
test_224,0.9991333
test_226,0.36240968
test_227,0.008403515
test_229,0.001061725
test_231,0.9990897
test_232,0.9981653
test_233,0.99930155
test_234,0.9542852
test_236,0.000479601
test_238,0.9990815
test_240,0.000777724
test_241,0.99873227
test_242,0.000716212
test_243,0.9995758
test_244,0.99924684
test_245,0.99817574
test_250,0.000545461
test_251,0.83656204
test_252,0.9979944
test_253,0.000452121
test_254,0.001593447
test_256,0.98098654
test_258,0.99696916
test_259,0.000839496
test_260,0.9991974
test_261,0.9982034
test_263,0.9993117
test_264,0.99955505
test_266,0.9988857
test_267,0.99865437
test_268,0.000493866
test_269,0.000632843
test_270,0.98708564
test_272,0.000711129
test_273,0.99945897
test_275,0.000384508
test_276,0.999343
test_277,0.99776936
test_279,0.001113202
test_281,0.9991066
test_282,0.002238356
test_283,0.9994252
test_284,0.9989484
test_285,0.99960726
test_286,0.00878413
test_289,0.99743927
test_290,0.001130232
test_291,0.000948646
test_302,0.000331092
test_303,0.98741186
test_304,0.000385771
test_306,0.000617839
test_308,0.99913126
test_309,0.000693476
test_310,0.99935895
test_311,0.4386145
test_312,0.9995715
test_313,0.9995447
test_316,0.000629509
test_318,0.9955383
test_319,0.998831
test_321,0.000658705
test_330,0.99925476
test_331,0.000509362
test_334,0.97653234
test_335,0.000299492
test_337,0.45620295
test_338,0.005171172
test_339,0.9995777
test_340,0.001723623
test_342,0.001060214
test_344,0.00060653
test_345,0.006967625
test_346,0.0012051
test_347,0.000343463
test_348,0.000468366
test_349,0.9876879
test_350,0.000675565
test_351,0.000362443
test_352,0.99837744
test_353,0.9935545
test_354,0.000600663
test_356,0.9994006
test_359,0.002133224
test_360,0.999603
test_361,0.9973998
test_363,0.001048834
test_365,0.99490476
test_366,0.00488066
test_367,0.99930453
test_368,0.000475366
test_369,0.996965
test_371,0.9968555
test_372,0.9971328
test_373,0.999524
test_375,0.989691
test_378,0.000716518
test_380,0.30412075
test_381,0.000649506
test_383,0.9964663
test_384,0.000794798
test_385,0.004150321
test_386,0.002592646
test_388,0.000770037
test_389,0.018580668
test_390,0.99888927
test_393,0.000544955
test_394,0.99839056
test_395,0.002160119
test_396,0.99911183
test_397,0.00056639
test_398,0.000331285
test_401,0.9968568
test_402,0.9986473
test_403,0.98969823
test_406,0.9994904
test_407,0.001785839
test_410,0.000528646
test_411,0.8293489
test_412,0.000306946
test_413,0.000748514
test_414,0.000340337
test_416,0.9990932
test_417,0.000565567
test_418,0.013070095
test_419,0.001312198
test_420,0.9982079
test_421,0.000466308
test_423,0.9551873
test_424,0.9990171
test_426,0.26297644
test_428,0.000533042
test_429,0.99887675
test_430,0.9963762
test_431,0.000568732
test_432,0.99910706
test_435,0.9996544
test_436,0.9992748
test_437,0.000475723
test_438,0.000630389
test_441,0.99728465
test_442,0.001645703
test_444,0.00040576
test_445,0.000844695
test_446,0.000903641
test_447,0.000404682
test_448,0.000474042
test_449,0.021088222
test_450,0.000980447
test_452,0.000519319
test_453,0.02031335
test_454,0.99869066
test_455,0.99855417
test_456,0.9991787
test_457,0.9959806
test_458,0.001008523
test_459,0.9980447
test_461,0.9995425
test_463,0.001691046
test_464,0.99927825
test_465,0.00035621
test_466,0.9992599
test_467,0.017385762
test_470,0.016413622
test_471,0.006895719
test_473,0.000416677
test_474,0.003609693
test_475,0.99848
test_476,0.999479
test_477,0.001005672
test_478,0.9991184
test_479,0.9994893
test_481,0.000394457
test_482,0.000549206
test_483,0.000387255
test_484,0.006926961
test_485,0.019671386
test_486,0.081400216
test_487,0.000700459
test_488,0.000690868
test_489,0.000306135
test_490,0.99917334
test_491,0.99372005
test_492,0.9994035
test_494,0.99954444
test_496,0.000397883
test_497,0.99928266
test_498,0.99460137
test_499,0.94480723
test_500,0.9995092
test_501,0.95782584
test_502,0.001371184
test_504,0.99781126
test_505,0.000370199
test_507,0.99952483
test_508,0.000402435
test_509,0.00147932
test_510,0.001347959
test_511,0.02735528
test_512,0.9990357
test_513,0.001830714
test_516,0.000429365
test_517,0.000432852
test_518,0.9979558
test_520,0.8413849
test_521,0.99956065
test_524,0.001517438
test_525,0.000802914
test_526,0.000409032
test_527,0.000516459
test_530,0.000520067
test_533,0.064258225
test_534,0.000975999
test_535,0.99808025
test_536,0.9990477
test_537,0.025893686
test_539,0.9994742
test_540,0.003464103
test_542,0.000419627
test_544,0.9868291
test_548,0.9956827
test_550,0.023158006
test_551,0.000759385
test_552,0.000591429
test_554,0.9536383
test_555,0.000344116
test_557,0.9975811
test_560,0.000352197
test_561,0.9995055
test_562,0.000332286
test_563,0.99571216
test_565,0.9209178
test_568,0.001237977
test_569,0.99902785
test_570,0.22980396
test_571,0.004835152
test_572,0.000400063
test_573,0.002452453
test_574,0.99921584
test_575,0.000338457
test_576,0.000912097
test_579,0.007773542
test_580,0.000481028
test_581,0.9992199
test_582,0.99937135
test_583,0.000731826
test_585,0.94404507
test_586,0.000478881
test_587,0.9559372
test_590,0.000257894
test_591,0.99921894
test_593,0.9994024
test_595,0.99944955
test_596,0.13905846
test_597,0.000393661
test_598,0.9992964
test_599,0.002501699
test_600,0.000456083
test_601,0.00065026
test_602,0.9983302
test_603,0.99933726
test_604,0.004248289
test_605,0.000757355
test_606,0.000410085
test_607,0.023798443
test_608,0.000687276
test_609,0.000337527
test_610,0.9410062
test_613,0.000972809
test_614,0.99920386
test_615,0.9992004
test_616,0.3106695
test_617,0.99939597
test_619,0.9988427
test_620,0.000403396
test_622,0.00030301
test_625,0.9985092
test_626,0.4611692
test_627,0.99575716
test_628,0.109684035
test_629,0.9994326
test_631,0.00060767
test_632,0.9995413
test_634,0.9994092
test_635,0.9561533
test_637,0.9979771
test_638,0.003738459
test_639,0.9985071
test_640,0.000428457
test_641,0.001252149
test_642,0.001395273
test_644,0.000411062
test_645,0.068321355
test_647,0.000721645
test_648,0.000588709
test_649,0.000515636
test_650,0.99940217
test_651,0.9971029
test_653,0.99480104
test_655,0.000885953
test_656,0.039650597
test_657,0.000739967
test_658,0.99913055
test_659,0.000718662
test_661,0.00053931
test_662,0.8280483
test_664,0.000556912
test_667,0.99954695
test_669,0.8720925
test_672,0.9973132
test_674,0.00121186
test_675,0.000397653
test_676,0.9971404
test_677,0.74072003
test_679,0.9987845
test_680,0.9987128
test_681,0.18479171
test_682,0.016095208
test_688,0.9136421
test_689,0.9955323
test_690,0.000275561
test_691,0.99948007
test_693,0.000560981
test_695,0.99883145
test_696,0.9961332
test_697,0.003699962
test_698,0.001421915
test_699,0.000306187
test_701,0.000305199
test_703,0.00064351
test_704,0.9955195
test_705,0.002517591
test_706,0.000970966
test_709,0.999074
test_711,0.000507592
test_713,0.000364349
test_714,0.99937373
test_715,0.99947375
test_716,0.99950206
test_717,0.999273
test_718,0.002437729
test_719,0.000471511
test_722,0.99785453
test_723,0.9994122
test_724,0.000395791
test_726,0.00116475
test_727,0.99929357
test_732,0.9985403
test_734,0.001017386
test_735,0.53450227
test_736,0.000773342
test_738,0.9992861
test_739,0.000404007
test_740,0.99070203
test_741,0.000927862
test_743,0.9990853
test_744,0.001150295
test_746,0.000405004
test_748,0.9940612
test_749,0.9975399
test_751,0.000520778
test_752,0.000961702
test_754,0.9988814
test_755,0.999159
test_756,0.000332531
test_757,0.9957201
test_758,0.9993882
test_760,0.9993851
test_761,0.001667406
test_762,0.000433201
test_766,0.9880117
test_767,0.000301615
test_768,0.000401898
test_771,0.99909174
test_772,0.9970585
test_773,0.000455273
test_776,0.002129998
test_777,0.993218
test_778,0.96525997
test_780,0.000297926
test_782,0.98644024
test_784,0.9995183
test_785,0.000866499
test_786,0.9914296
test_789,0.000376654
test_790,0.99944526
test_791,0.000237493
test_792,0.034373842
test_793,0.9994661
test_794,0.002708473
test_795,0.000302374
test_797,0.000655277
test_802,0.000465551
test_803,0.99930644
test_806,0.99873894
test_807,0.000645525
test_808,0.9991478
test_809,0.9988651
test_810,0.99953127
test_811,0.99899787
test_813,0.001066654
test_814,0.99841034
test_815,0.002624477
test_817,0.15081057
test_818,0.000323703
test_819,0.000407352
test_820,0.005221455
test_821,0.000379344
test_826,0.9940399
test_827,0.9992124
test_828,0.000676262
test_832,0.000230812
test_835,0.9922478
test_837,0.000312451
test_838,0.9987577
test_840,0.000478294
test_841,0.00786465
test_843,0.99337363
test_844,0.000285705
test_848,0.001571914
test_849,0.000997032
test_850,0.9988525
test_851,0.99672616
test_852,0.99883574
test_853,0.003938249
test_854,0.99928004
test_856,0.000511711
test_857,0.0012894
test_860,0.000968804
test_861,0.000552003
test_862,0.9991196
test_863,0.9981553
test_864,0.9990682
test_865,0.9975835
test_867,0.9993474
test_868,0.99632627
test_870,0.000725088
test_871,0.999062
test_873,0.000440927
test_876,0.99894625
test_879,0.000755195
test_880,0.24976327
test_881,0.998982
test_883,0.00048969
test_884,0.9980406
test_885,0.99902296
test_886,0.000952395
test_887,0.000923824
test_890,0.99865603
test_891,0.99885297
test_892,0.000410722
test_893,0.001450268
test_895,0.99657035
test_897,0.99738663
test_898,0.001749567
test_899,0.000865191
test_900,0.001166054
test_901,0.00035818
test_902,0.000390999
test_903,0.052076835
test_904,0.000420972
test_905,0.9979875
test_908,0.4542396
test_910,0.000375961
test_911,0.002262547
test_912,0.000364992
test_913,0.9994375
test_916,0.0005369
test_917,0.000616103
test_919,0.9993255
test_920,0.995242
test_921,0.000247254
test_922,0.000371909
test_924,0.9994869
test_925,0.000905005
test_926,0.999158
test_927,0.9994844
test_929,0.00064027
test_930,0.000782826
test_931,0.99286747
test_932,0.99791795
test_933,0.001808459
test_935,0.008289336
test_937,0.003871753
test_939,0.001071382
test_940,0.001432933
test_942,0.9995147
test_943,0.99861526
test_944,0.000631568
test_947,0.000407923
test_949,0.065608785
test_950,0.00052587
test_951,0.99938023
test_952,0.99923706
test_953,0.99943525
test_955,0.005535141
test_956,0.9969612
test_957,0.11209415
test_960,0.99414355
test_961,0.000595516
test_963,0.000379171
test_964,0.000368116
test_965,0.99862635
test_968,0.001520014
test_970,0.000443105
test_971,0.98874784
test_972,0.9983828
test_973,0.9992023
test_975,0.99906224
test_979,0.000427086
test_980,0.99941254
test_983,0.99803454
test_984,0.000545702
test_985,0.9943493
test_986,0.000341774
test_988,0.99917406
test_989,0.9993599
test_991,0.002097496
test_992,0.9864167
test_993,0.99122214
test_997,0.9992536
test_998,0.999355
test_1002,0.99907684
test_1003,0.99909115
test_1004,0.99879265
test_1005,0.99438727
test_1007,0.006310249
test_1009,0.9990088
test_1011,0.000713497
test_1014,0.99728644
test_1015,0.9995764
test_1016,0.8928458
test_1017,0.000593643
test_1019,0.000876003
test_1020,0.000297137
test_1021,0.000398941
test_1022,0.00171506
test_1023,0.000640311
test_1024,0.31709817
test_1025,0.9979565
test_1027,0.9993086
test_1028,0.9969848
test_1029,0.9970987
test_1030,0.99617404
test_1032,0.99715686
test_1034,0.9977163
test_1035,0.000449429
test_1038,0.000742836
test_1039,0.9991135
test_1040,0.006294538
test_1041,0.8624411
test_1043,0.000418985
test_1044,0.9990453
test_1045,0.9990877
test_1047,0.000964328
test_1048,0.9992725
test_1050,0.000409141
test_1051,0.16501327
test_1052,0.023158293
test_1053,0.000371346
test_1055,0.000543475
test_1056,0.000335813
test_1058,0.9555922
test_1059,0.00092898
test_1060,0.003257315
test_1061,0.99435234
test_1062,0.000918006
test_1063,0.001535172
test_1064,0.000410227
test_1065,0.007458903
test_1066,0.85912246
test_1069,0.004665728
test_1070,0.000359729
test_1074,0.008301233
test_1075,0.99649745
test_1077,0.000343
test_1078,0.99905366
test_1079,0.002354195
test_1080,0.0014902
test_1081,0.998044
test_1082,0.09669872
test_1083,0.005417295
test_1084,0.21265881
test_1085,0.000540578
test_1086,0.00071025
test_1087,0.9975682
test_1088,0.99459404
test_1090,0.000405261
test_1093,0.998706
test_1094,0.000662344
test_1095,0.000437977
test_1096,0.99825495
test_1098,0.001094267
test_1103,0.000336731
test_1104,0.001039177
test_1105,0.99731404
test_1107,0.000545544
test_1108,0.000933088
test_1109,0.99943334
test_1110,0.9989901
test_1111,0.000544457
test_1114,0.000529018
test_1117,0.9971944
test_1118,0.000436305
test_1119,0.99891484
test_1120,0.000405445
test_1121,0.9995546
test_1122,0.99945575
test_1123,0.000694281
test_1124,0.996732
test_1126,0.000391634
test_1127,0.9957283
test_1128,0.003038456
test_1129,0.99939513
test_1133,0.99964654
test_1135,0.000652817
test_1136,0.000538108
test_1137,0.9986254
test_1138,0.99891746
test_1139,0.000367857
test_1143,0.9597962
test_1144,0.000362295
test_1145,0.00140485
test_1146,0.999645
test_1147,0.9985405
test_1148,0.000381414
test_1149,0.000683129
test_1150,0.9994018
test_1152,0.000388815
test_1153,0.000374054
test_1154,0.000542465
test_1155,0.99912435
test_1156,0.99547607
test_1157,0.008186857
test_1161,0.03042513
test_1163,0.005893105
test_1164,0.000433034
test_1165,0.041442566
test_1166,0.2902001
test_1167,0.999183
test_1172,0.000914749
test_1173,0.0059701
test_1174,0.000961333
test_1175,0.002261207
test_1176,0.042110324
test_1178,0.9993912
test_1179,0.99924016
test_1180,0.99106747
test_1181,0.9993598
test_1182,0.001130795
test_1183,0.00127642
test_1184,0.77373177
test_1186,0.000711356
test_1187,0.99933594
test_1188,0.9916289
test_1189,0.000373557
test_1190,0.00052681
test_1192,0.000468764
test_1193,0.000580087
test_1194,0.000711087
test_1195,0.001541506
test_1196,0.9994294
test_1197,0.9990132
test_1198,0.9172597
test_1199,0.886942
test_1200,0.000422361
test_1202,0.9994112
test_1204,0.9995202
test_1205,0.20369366
test_1206,0.000907088
test_1207,0.000486544
test_1208,0.000306971
test_1211,0.000368998
test_1212,0.000952663
test_1213,0.99527377
test_1214,0.99835986
test_1217,0.000357872
test_1219,0.99688053
test_1220,0.000345018
test_1221,0.002334129
test_1223,0.99829537
test_1224,0.00142772
test_1226,0.9983557
test_1227,0.00199436
test_1228,0.99954563
test_1230,0.000398214
test_1231,0.99476385
test_1232,0.000798504
test_1234,0.000567756
test_1237,0.000579935
test_1238,0.000636288
test_1241,0.000502347
test_1243,0.99653155
test_1244,0.9986778
test_1249,0.9994442
test_1251,0.09235872
test_1253,0.006056963
test_1255,0.9952834
test_1257,0.02202839
test_1259,0.06114704
test_1260,0.9983854
test_1261,0.001204519
test_1262,0.99934846
test_1263,0.001702152
test_1266,0.99934846
test_1267,0.000338888
test_1270,0.000918844
test_1271,0.9988416
test_1273,0.99916494
test_1274,0.9994647
test_1275,0.99813133
test_1276,0.000852917
test_1277,0.9988248
test_1281,0.004860272
test_1284,0.99956423
test_1287,0.91764003
test_1289,0.00033407
test_1290,0.9995807
test_1293,0.000437992
test_1294,0.000603279
test_1295,0.010913707
test_1296,0.14706309
test_1297,0.9992473
test_1298,0.82795185
test_1299,0.0194824
test_1301,0.001811825
test_1303,0.000619625
test_1305,0.17330699
test_1306,0.000638497
test_1307,0.9987224
test_1308,0.9991208
test_1309,0.000475057
test_1310,0.000450018
test_1311,0.9915485
test_1312,0.00137886
test_1313,0.9894667
test_1314,0.002992893
test_1317,0.000259853
test_1320,0.000402083
test_1323,0.9840156
test_1325,0.9979056
test_1326,0.00254546
test_1329,0.000593493
test_1330,0.000677985
test_1332,0.10299874
test_1333,0.00031412
test_1334,0.09475682
test_1335,0.0142718
test_1336,0.00193407
test_1337,0.000386135
test_1338,0.000368838
test_1341,0.000677605
test_1342,0.021525249
test_1343,0.99850816
test_1345,0.000371657
test_1348,0.99927324
test_1351,0.9994635
test_1353,0.000435288
test_1354,0.018895539
test_1357,0.99870694
test_1358,0.9983006
test_1361,0.24625584
test_1362,0.002811326
test_1363,0.009830098
test_1364,0.9262014
test_1365,0.000400365
test_1366,0.99536127
test_1367,0.000445234
test_1369,0.000389323
test_1371,0.000895273
test_1372,0.00039995
test_1373,0.001430975
test_1375,0.9978648
test_1376,0.003705948
test_1379,0.9907799
test_1380,0.9995202
test_1381,0.99762493
test_1382,0.000575854
test_1383,0.00091039
test_1384,0.000572987
test_1385,0.9965327
test_1387,0.9993974
test_1388,0.9988254
test_1391,0.000453092
test_1392,0.000309618
test_1393,0.001132229
test_1394,0.001344134
test_1397,0.99753845
test_1399,0.000437132
test_1400,0.99714226
test_1402,0.000330621
test_1403,0.9993304
test_1404,0.000944742
test_1407,0.000392943
test_1409,0.20731431
test_1410,0.99917054
test_1413,0.9947167
test_1414,0.000657289
test_1415,0.99827766
test_1416,0.998092
test_1420,0.99892265
test_1421,0.000412445
test_1422,0.002093412
test_1423,0.99950814
test_1424,0.999129
test_1425,0.011724307
test_1428,0.9988701
test_1430,0.000472841
test_1434,0.14845733
test_1435,0.9960349
test_1436,0.4928102
test_1438,0.000347405
test_1440,0.001315425
test_1443,0.09949122
test_1444,0.7977522
test_1445,0.000534889
test_1446,0.9973816
test_1447,0.56016356
test_1449,0.000451415
test_1450,0.000448212
test_1451,0.000559438
test_1453,0.54350644
test_1454,0.99935013
test_1455,0.9976121
test_1457,0.994003
test_1458,0.9995815
test_1459,0.05032562
test_1461,0.999493
test_1464,0.99923396
test_1465,0.000542411
test_1466,0.07741656
test_1467,0.001123842
test_1468,0.99151576
test_1469,0.99785304
test_1470,0.000265458
test_1471,0.9993826
test_1472,0.99711215
test_1473,0.97193944
test_1474,0.000428214
test_1475,0.004030002
test_1476,0.9971577
test_1477,0.03585543
test_1480,0.99934894
test_1482,0.9655906
test_1483,0.000363792
test_1485,0.001197371
test_1486,0.00038941
test_1489,0.99887985
test_1490,0.04400911
test_1492,0.999273
test_1493,0.9995715
test_1494,0.001143795
test_1495,0.003055233
test_1497,0.9988772
test_1501,0.003963219
test_1502,0.0003564
test_1503,0.99939203
test_1505,0.9992841
test_1506,0.6680614
test_1509,0.000524384
test_1512,0.000581355
test_1513,0.00169791
test_1515,0.9989435
test_1516,0.99777645
test_1520,0.001105871
test_1521,0.9956481
test_1523,0.007814403
test_1524,0.9837944
test_1525,0.00046677
test_1526,0.000732646
test_1527,0.9979373
test_1528,0.9875864
test_1529,0.000578189
test_1530,0.9982169
test_1531,0.002818249
test_1532,0.99709845
test_1533,0.9976548
test_1534,0.99902904
test_1535,0.000449465
test_1537,0.99565697
test_1541,0.000898657
test_1542,0.99928004
test_1544,0.9468113
test_1546,0.000366643
test_1548,0.99460286
test_1549,0.000581206
test_1554,0.99931645
test_1555,0.000805001
test_1557,0.9994271
test_1559,0.9992537
test_1560,0.000424072
test_1562,0.9992078
test_1563,0.9994671
test_1564,0.00274369
test_1566,0.001876594
test_1567,0.9992292
test_1568,0.00126966
test_1569,0.99935645
test_1570,0.000612528
test_1571,0.000468659
test_1572,0.0003579
test_1575,0.000416218
test_1576,0.000371098
test_1577,0.9994173
test_1578,0.9991019
test_1580,0.99897337
test_1581,0.9995358
test_1582,0.9995403
test_1583,0.011448256
test_1586,0.99865097
test_1587,0.000310677
test_1588,0.9993249
test_1592,0.99857557
test_1593,0.000408599
test_1595,0.000488918
test_1600,0.000262757
test_1601,0.002399275
test_1602,0.000549678
test_1603,0.9986198
test_1606,0.00035332
test_1607,0.87024903
test_1608,0.97708225
test_1609,0.000300379
test_1610,0.000427
test_1611,0.019417195
test_1612,0.999288
test_1613,0.9990459
test_1614,0.002031002
test_1617,0.000693341
test_1618,0.69128513
test_1619,0.000651781
test_1620,0.000874738
test_1621,0.9989802
test_1622,0.9993443
test_1624,0.000636127
test_1625,0.000486007
test_1627,0.8850662
test_1628,0.997008
test_1631,0.9994198
test_1632,0.99854726
test_1634,0.9994469
test_1636,0.000460327
test_1639,0.99911875
test_1641,0.000384185
test_1643,0.000535921
test_1646,0.99566996
test_1648,0.000491746
test_1649,0.98265105
test_1650,0.100053936
test_1652,0.002915863
test_1653,0.000565746
test_1655,0.00240979
test_1657,0.000631767
test_1658,0.99843985
test_1659,0.000396543
test_1660,0.99914
test_1661,0.0039035
test_1662,0.9995509
test_1663,0.007224836
test_1664,0.001857346
test_1665,0.000448846
test_1666,0.000405138
test_1667,0.9987556
test_1669,0.000931796
test_1670,0.019404925
test_1671,0.000671899
test_1672,0.9979526
test_1674,0.99551755
test_1677,0.002555911
test_1678,0.9992083
test_1679,0.9994874
test_1681,0.9987447
test_1683,0.9975383
test_1684,0.9934437
test_1685,0.99940836
test_1687,0.000784436
test_1688,0.99944836
test_1690,0.9992029
test_1692,0.03100786
test_1696,0.000473394
test_1697,0.65443885
test_1698,0.13050257
test_1699,0.99908674
test_1704,0.99881506
test_1705,0.94832265
test_1707,0.9568553
test_1708,0.9985561
test_1709,0.000366052
test_1710,0.000306639
test_1712,0.99917465
test_1713,0.99357396
test_1715,0.99956006
test_1716,0.000931492
test_1717,0.000711741
test_1721,0.001673234
test_1723,0.99937785
test_1724,0.004681378
test_1725,0.99869967
test_1726,0.012704567
test_1727,0.000520774
test_1728,0.001076288
test_1729,0.9985403
test_1730,0.000951876
test_1731,0.06316624
test_1733,0.99956304
test_1734,0.001823934
test_1735,0.000517209
test_1736,0.001847204
test_1737,0.9976069
test_1738,0.000395301
test_1740,0.041778825
test_1743,0.003287773
test_1744,0.000626427
test_1745,0.000976826
test_1747,0.000402261
test_1748,0.9900281
test_1750,0.001637491
test_1751,0.22099705
test_1752,0.000302042
test_1753,0.99810815
test_1754,0.998896
test_1756,0.000414537
test_1757,0.99939394
test_1759,0.99955064
test_1760,0.000341471
test_1762,0.99868935
test_1763,0.000740522
test_1764,0.003140184
test_1765,0.9990903
test_1766,0.9978582
test_1767,0.000508283
test_1768,0.9988242
test_1769,0.9990582
test_1771,0.000327887
test_1772,0.000280638
test_1773,0.99734193
test_1774,0.000486982
test_1775,0.99800605
test_1776,0.000455617
test_1777,0.000296165
test_1779,0.000358693
test_1781,0.99933344
test_1784,0.99843556
test_1785,0.007510346
test_1786,0.93232936
test_1787,0.001516175
test_1788,0.9992669
test_1790,0.9981615
test_1792,0.001135158
test_1794,0.000374888
test_1795,0.000990301
test_1797,0.000496869
test_1799,0.000327865
test_1804,0.9989145
test_1806,0.003008658
test_1808,0.941324
test_1809,0.9351095
test_1811,0.000740937
test_1812,0.99823004
test_1813,0.9992281
test_1814,0.9984591
test_1815,0.93447787
test_1816,0.000836857
test_1818,0.000499098
test_1819,0.000784369
test_1820,0.14446114
test_1821,0.99914885
test_1823,0.000648294
test_1824,0.001203957
test_1825,0.002523463
test_1827,0.9993825
test_1828,0.002281453
test_1829,0.000658263
test_1830,0.017393554
test_1831,0.00071314
test_1832,0.005303469
test_1833,0.001493142
test_1836,0.000269372
test_1837,0.9994573
test_1838,0.9708863
test_1840,0.99941635
test_1841,0.9989085
test_1843,0.9987519
test_1844,0.9995167
test_1846,0.9979797
test_1847,0.000677444
test_1848,0.000390632
test_1850,0.001133431
test_1851,0.99128306
test_1852,0.9991935
test_1853,0.6695186
test_1854,0.99928963
test_1856,0.99233973
test_1858,0.9756104
test_1860,0.99955696
test_1864,0.001701223
test_1866,0.000493113
test_1867,0.001996361
test_1868,0.000996225
test_1870,0.9986928
test_1872,0.99550545
test_1873,0.001269279
test_1874,0.000295508
test_1876,0.000466139
test_1877,0.99926
test_1878,0.000953563
test_1879,0.000843633
test_1880,0.001499205
test_1882,0.99915624
test_1886,0.99937624
test_1887,0.000556917
test_1888,0.000663569
test_1892,0.001083592
test_1896,0.000437108
test_1897,0.00277832
test_1898,0.997251
test_1899,0.99903274
test_1900,0.3495502
test_1902,0.99939513
test_1904,0.9973616
test_1905,0.999156
test_1906,0.9470319
test_1907,0.99841475
test_1909,0.05691947
test_1911,0.9993525
test_1914,0.9392862
test_1915,0.9994041
test_1918,0.000357305
test_1921,0.0003744
test_1922,0.000349274
test_1927,0.9779328
test_1928,0.9773498
test_1930,0.000541116
test_1931,0.001550077
test_1932,0.9989987
test_1933,0.00045179
test_1934,0.29778406
test_1935,0.99433017
test_1937,0.002464419
test_1938,0.000416354
test_1939,0.000441881
test_1941,0.9866415
test_1942,0.99954623
test_1943,0.000354339
test_1945,0.9979482
test_1946,0.99908745
test_1947,0.99928904
test_1948,0.007694846
test_1949,0.9909051
test_1951,0.000483541
test_1952,0.99902153
test_1954,0.9958121
test_1955,0.000520541
test_1956,0.000941578
test_1957,0.99918276
test_1959,0.10796772
test_1960,0.001073921
test_1961,0.71147954
test_1967,0.000981733
test_1969,0.011496839
test_1970,0.00267332
test_1971,0.001101945
test_1972,0.000389737
test_1973,0.99869895
test_1975,0.006587125
test_1976,0.99954504
test_1977,0.001445789
test_1978,0.000551858
test_1979,0.9988696
test_1980,0.9988651
test_1982,0.000899895
test_1983,0.000375417
test_1984,0.002490917
test_1985,0.00069098
test_1986,0.002602153
test_1987,0.01044145
test_1988,0.001953235
test_1989,0.000369932
test_1990,0.99171317
test_1991,0.99884146
test_1992,0.001425644
test_1993,0.9995629
test_1994,0.9994271
test_1996,0.000588265
test_1999,0.001194813
test_2000,0.7908251
test_2002,0.002631626
test_2004,0.000642243
test_2005,0.001192279
test_2007,0.9990742
test_2010,0.9994591
test_2011,0.99872583
test_2012,0.001531155
test_2014,0.99953604
test_2015,0.9985305
test_2016,0.000436759
test_2017,0.000431631
test_2018,0.000379543
test_2019,0.9982843
test_2020,0.9994784
test_2021,0.000408214
test_2022,0.9928007
test_2023,0.99955374
test_2024,0.000490548
test_2026,0.9991015
test_2027,0.000448878
test_2028,0.06405897
test_2030,0.9987828
test_2031,0.000475636
test_2032,0.000492465
test_2034,0.000720171
test_2035,0.96769845
test_2036,0.99744487
test_2037,0.000448818
test_2038,0.000386091
test_2039,0.9993799
test_2041,0.99946505
test_2043,0.000328801
test_2044,0.000393371
test_2046,0.99872833
test_2049,0.87754107
test_2051,0.009116441
test_2052,0.99737906
test_2053,0.000659834
test_2054,0.000403176
test_2055,0.9947389
test_2058,0.000328448
test_2060,0.000416188
test_2061,0.004046571
test_2063,0.11220516
test_2064,0.000478197
test_2065,0.82815653
test_2066,0.9993735
test_2070,0.999443
test_2071,0.99931777
test_2073,0.001555628
test_2074,0.99955744
test_2076,0.000541596
test_2077,0.000554932
test_2078,0.99891686
test_2079,0.001222789
test_2080,0.006030484
test_2081,0.000299152
test_2082,0.000598485
test_2084,0.000876287
test_2086,0.000789171
test_2087,0.000715161
test_2088,0.050995726
test_2093,0.001074958
test_2094,0.001871859
test_2095,0.000313176
test_2096,0.9970747
test_2097,0.002122772
test_2098,0.0004346
test_2099,0.99929726
test_2100,0.000699429
test_2101,0.99637765
test_2102,0.015454632
test_2104,0.000462923
test_2106,0.001177679
test_2111,0.000480164
test_2113,0.000478248
test_2114,0.99946123
test_2116,0.000627666
test_2117,0.9991997
test_2119,0.99681574
test_2121,0.000415587
test_2122,0.99913824
test_2124,0.8369324
test_2125,0.00036288
test_2126,0.999355
test_2127,0.000492209
test_2128,0.99902296
test_2129,0.99872476
test_2130,0.99909127
test_2131,0.000588767
test_2133,0.99872893
test_2134,0.001743653
test_2135,0.99883264
test_2138,0.99780864
test_2139,0.000373114
test_2140,0.000490586
test_2141,0.001658988
test_2143,0.9406646
test_2145,0.08678929
test_2147,0.000490274
test_2148,0.9895923
test_2151,0.000380586
test_2153,0.99216413
test_2155,0.99741167
test_2157,0.99781895
test_2158,0.000395983
test_2159,0.9953225
test_2160,0.9990382
test_2161,0.9995153
test_2162,0.000207841
test_2163,0.042685125
test_2164,0.000343321
test_2166,0.99948704
test_2168,0.99932945
test_2169,0.001627665
test_2170,0.9991523
test_2172,0.000687411
test_2173,0.99576735
test_2174,0.9975011
test_2176,0.99744236
test_2177,0.001675475
test_2179,0.00216145
test_2180,0.988032
test_2181,0.99939203
test_2182,0.000562725
test_2183,0.9985833
test_2186,0.000451517
test_2187,0.9994405
test_2188,0.9974854
test_2189,0.002414189
test_2190,0.9973164
test_2192,0.060736593
test_2193,0.000742497
test_2195,0.000365635
test_2197,0.000589302
test_2198,0.0003879
test_2199,0.9989322
test_2200,0.9990588
test_2202,0.999571
test_2203,0.001006773
test_2206,0.9950618
test_2207,0.000718941
test_2209,0.015374601
test_2211,0.99963903
test_2213,0.99824154
test_2214,0.00937871
test_2215,0.9993278
test_2216,0.9993944
test_2218,0.000494273
test_2219,0.99937373
test_2220,0.001387168
test_2221,0.001446452
test_2222,0.9995047
test_2224,0.001515048
test_2226,0.000568704
test_2227,0.9976367
test_2228,0.00103411
test_2229,0.010200355
test_2230,0.997544
test_2231,0.99929094
test_2233,0.9994056
test_2234,0.000553932
test_2235,0.000677039
test_2236,0.00042966
test_2237,0.99918383
test_2239,0.9983191
test_2241,0.000531925
test_2242,0.000926064
test_2245,0.99952793
test_2246,0.000857306
test_2247,0.000746474
test_2249,0.00033428
test_2251,0.001014019
test_2252,0.9975502
test_2254,0.99803835
test_2255,0.000561221
test_2256,0.9981646
test_2259,0.99458706
test_2260,0.001429431
test_2261,0.000333355
test_2264,0.99758184
test_2265,0.35112706
test_2266,0.002537181
test_2267,0.99366546
test_2268,0.000388191
test_2270,0.90042317
test_2273,0.000697614
test_2274,0.001087258
test_2275,0.9993735
test_2278,0.99938405
test_2279,0.000933812
test_2280,0.00050617
test_2282,0.99858356
test_2283,0.9991918
test_2285,0.99935037
test_2287,0.000750848
test_2290,0.02119846
test_2293,0.000819295
test_2295,0.9987632
test_2299,0.45258376
test_2300,0.000526455
test_2302,0.9995123
test_2303,0.002025055
test_2306,0.97361845
test_2309,0.99938786
test_2312,0.99747247
test_2314,0.00053912
test_2315,0.95952904
test_2316,0.9991872
test_2317,0.9991721
test_2319,0.001080639
test_2320,0.98569137
test_2322,0.9946096
test_2323,0.001072293
test_2326,0.99903536
test_2328,0.6554099
test_2330,0.000364032
test_2332,0.000866265
test_2333,0.99933076
test_2334,0.99825627
test_2335,0.000909408
test_2337,0.99862134
test_2338,0.000371787
test_2339,0.99832743
test_2340,0.99627715
test_2341,0.000881644
test_2343,0.99665475
test_2344,0.99845576
test_2345,0.000837668
test_2346,0.000416413
test_2348,0.9982797
test_2349,0.014713565
test_2352,0.9995029
test_2353,0.9969181
test_2354,0.124196656
test_2356,0.99904245
test_2357,0.002867077
test_2358,0.000516026
test_2362,0.000395006
test_2364,0.000377144
test_2365,0.000371113
test_2367,0.99766076
test_2368,0.9984762
test_2371,0.000868412
test_2373,0.99926585
test_2374,0.9991781
test_2375,0.9931043
test_2377,0.99917763
test_2378,0.000333404
test_2379,0.00241335
test_2380,0.000427851
test_2381,0.00043853
test_2382,0.00776487
test_2385,0.99886763
test_2386,0.000960632
test_2389,0.000375172
test_2390,0.9991123
test_2391,0.006515258
test_2393,0.9966877
test_2394,0.001519988
test_2396,0.004055177
test_2400,0.01005495
test_2401,0.9964187
test_2402,0.003128178
test_2404,0.97843826
test_2405,0.99912447
test_2406,0.99941194
test_2407,0.9991722
test_2409,0.023664279
test_2410,0.000580898
test_2412,0.99940336
test_2413,0.000387284
test_2414,0.9987066
test_2416,0.000505124
test_2417,0.000625475
test_2418,0.99961495
test_2420,0.9960122
test_2423,0.9261829
test_2424,0.99893194
test_2425,0.99931073
test_2426,0.99844116
test_2428,0.99938
test_2429,0.001321401
test_2430,0.000410153
test_2431,0.9995654
test_2433,0.99911135
test_2434,0.96659464
test_2435,0.18594798
test_2436,0.99819857
test_2437,0.001035714
test_2438,0.99868625
test_2439,0.000477132
test_2440,0.001485144
test_2441,0.004574965
test_2443,0.99926823
test_2444,0.99937254
test_2446,0.002199794
test_2447,0.99919313
test_2448,0.99910694
test_2449,0.9975605
test_2450,0.023052659
test_2451,0.001618277
test_2452,0.000476698
test_2453,0.9974216
test_2454,0.99933916
test_2455,0.999348
test_2456,0.000408916
test_2457,0.9996389
test_2458,0.99933285
test_2459,0.99899644
test_2460,0.99935776
test_2462,0.09908755
test_2464,0.000754027
test_2468,0.99850637
test_2470,0.000359996
test_2471,0.000451961
test_2473,0.83596146
test_2475,0.013871877
test_2476,0.15938124
test_2477,0.000490731
test_2481,0.001266195
test_2482,0.002603281
test_2484,0.000768236
test_2485,0.9988864
test_2486,0.00203849
test_2487,0.000572943
test_2489,0.99929476
test_2492,0.000582707
test_2493,0.008478314
test_2494,0.99947757
test_2495,0.00228938
test_2496,0.99920124
test_2497,0.9995431
test_2499,0.00094512
test_2500,0.000336476
test_2502,0.99946874
test_2503,0.99965453
test_2504,0.99929094
test_2505,0.9987777
test_2506,0.94503003
test_2509,0.9994313
test_2510,0.9986022
test_2511,0.00049361
test_2513,0.99912137
test_2516,0.000908724
test_2517,0.9992472
test_2518,0.000544051
test_2520,0.9303772
test_2523,0.99948174
test_2524,0.006895937
test_2525,0.9981744
test_2528,0.000490614
test_2531,0.000708052
test_2532,0.000498701
test_2533,0.9990994
test_2534,0.9965911
test_2535,0.00035033
test_2537,0.001388648
test_2540,0.9980763
test_2541,0.7247757
test_2542,0.9988953
test_2544,0.9994541
test_2545,0.000374886
test_2547,0.000541459
test_2549,0.000625175
test_2553,0.9919607
test_2556,0.99921465
test_2557,0.001279893
test_2558,0.000611855
test_2560,0.000913727
test_2561,0.002750673
test_2562,0.000588719
test_2563,0.000509369
test_2564,0.000579778
test_2565,0.001629129
test_2566,0.99965584
test_2567,0.999106
test_2571,0.99890184
test_2572,0.00198248
test_2574,0.99943393
test_2575,0.000785902
test_2576,0.14447312
test_2577,0.000584777
test_2578,0.9988487
test_2579,0.9988206
test_2581,0.9991874
test_2582,0.001208527
test_2583,0.009692087
test_2584,0.99683374
test_2585,0.9991021
test_2586,0.9992009
test_2587,0.001373013
test_2588,0.9995629
test_2590,0.000894663
test_2593,0.001230566
test_2595,0.99746835
test_2596,0.9952987
test_2597,0.99918574
test_2598,0.000295836
test_2600,0.35563907
test_2602,0.9992812
test_2603,0.99372745
test_2604,0.000374677
test_2605,0.000430268
test_2606,0.9990602
test_2608,0.000822627
test_2610,0.9995443
test_2611,0.000444112
test_2612,0.000621624
test_2613,0.9979469
test_2614,0.99343586
test_2616,0.99646974
test_2617,0.9992261
test_2620,0.99143195
test_2623,0.03320564
test_2624,0.9992212
test_2625,0.997962
test_2626,0.001929884
test_2629,0.000537336
test_2632,0.998324
test_2634,0.9985624
test_2635,0.000838233
test_2638,0.000860159
test_2639,0.99268794
test_2640,0.000325572
test_2641,0.99926835
test_2642,0.99886405
test_2643,0.001726242
test_2646,0.6828379
test_2648,0.99128634
test_2649,0.99667144
test_2651,0.000473863
test_2652,0.001594845
test_2653,0.9991042
test_2654,0.9991611
test_2656,0.98769754
test_2659,0.9995196
test_2662,0.99387074
test_2663,0.9984503
test_2664,0.584963
test_2665,0.9996166
test_2669,0.99929726
test_2671,0.99001175
test_2673,0.000712954
test_2676,0.99419034
test_2677,0.00094106
test_2678,0.000629114
test_2681,0.9985247
test_2682,0.001739867
test_2683,0.002567342
test_2685,0.001128087
test_2686,0.00040122
test_2687,0.001551061
test_2689,0.999059
test_2693,0.9980445
test_2694,0.98049945
test_2696,0.99919516
test_2699,0.9989022
test_2700,0.00046555
test_2701,0.000373126
test_2702,0.9960962
test_2703,0.012706714
test_2704,0.000439727
test_2705,0.9749577
test_2707,0.9925305
test_2708,0.000363855
test_2709,0.8872802
test_2710,0.9992322
test_2711,0.004708424
test_2712,0.9995167
test_2713,0.99869114
test_2714,0.000427855
test_2715,0.006589434
test_2716,0.002999622
test_2717,0.9977399
test_2718,0.9980704
test_2721,0.001232094
test_2722,0.001144
test_2723,0.72817564
test_2724,0.9994758
test_2725,0.000383955
test_2726,0.9934875
test_2727,0.9986909
test_2728,0.99493694
test_2729,0.99499524
test_2731,0.9992836
test_2732,0.9988356
test_2733,0.000307122
test_2735,0.04028903
test_2736,0.000696186
test_2739,0.99717414
test_2740,0.000488482
test_2741,0.99887997
test_2742,0.9956494
test_2743,0.9993179
test_2746,0.99702615
test_2748,0.000565271
test_2749,0.13742821
test_2750,0.0008911
test_2751,0.00172214
test_2752,0.95267606
test_2753,0.000591177
test_2754,0.000481349
test_2755,0.9946872
test_2756,0.9995049
test_2757,0.000872415
test_2758,0.9986285
test_2759,0.000517212
test_2761,0.9993938
test_2762,0.001105458
test_2766,0.9994916
test_2772,0.000392693
test_2773,0.9994754
test_2774,0.9994487
test_2775,0.9992637
test_2776,0.99951017
test_2780,0.000465151
test_2782,0.001182697
test_2783,0.000609637
test_2784,0.99951005
test_2785,0.99676406
test_2787,0.9987558
test_2788,0.99931526
test_2789,0.9958126
test_2791,0.000571582
test_2792,0.9971085
test_2794,0.032147005
test_2795,0.99951553
test_2796,0.003815919
test_2798,0.000442596
test_2800,0.000654163
test_2801,0.000547187
test_2802,0.000376546
test_2804,0.9995265
test_2805,0.001090031
test_2809,0.99870837
test_2813,0.011583651
test_2816,0.000504696
test_2819,0.997285
test_2820,0.9979097
test_2821,0.99847203
test_2823,0.5951202
test_2824,0.000511126
test_2825,0.000397002
test_2826,0.0004329
test_2827,0.9995221
test_2829,0.001681476
test_2830,0.000409729
test_2831,0.000970437
test_2832,0.011288196
test_2833,0.999432
test_2834,0.002944906
test_2838,0.99890935
test_2839,0.9990701
test_2840,0.000649434
test_2842,0.000391486
test_2843,0.000664167
test_2845,0.999446
test_2846,0.000902423
test_2848,0.9611955
test_2849,0.9990601
test_2851,0.002955325
test_2852,0.001380402
test_2853,0.000520436
test_2854,0.000469618
test_2855,0.000346121
test_2856,0.004222239
test_2857,0.99947244
test_2858,0.9995926
test_2860,0.000568458
test_2861,0.000559717
test_2862,0.000295285
test_2864,0.9983431
test_2866,0.99561936
test_2867,0.23568645
test_2874,0.9991798
test_2875,0.020535728
test_2876,0.001841876
test_2877,0.000501963
test_2879,0.000377452
test_2880,0.001010337
test_2881,0.000459035
test_2882,0.2156923
test_2883,0.99820435
test_2884,0.00033546
test_2885,0.00367759
test_2886,0.000271087
test_2888,0.001817667
test_2889,0.9985014
test_2890,0.002574767
test_2893,0.000670202
test_2894,0.99949133
test_2895,0.9994332
test_2896,0.004295777
test_2897,0.000489401
test_2899,0.000297925
test_2900,0.001626903
test_2901,0.000328747
test_2902,0.012225361
test_2905,0.000395176
test_2906,0.80749977
test_2907,0.9983882
test_2910,0.000472152
test_2911,0.000573671
test_2912,0.001358997
test_2913,0.99607736
test_2914,0.9994368
test_2916,0.9993655
test_2917,0.9947113
test_2918,0.9995485
test_2920,0.994165
test_2921,0.8174664
test_2924,0.001856858
test_2925,0.9992532
test_2926,0.99942845
test_2927,0.0006064
test_2929,0.000538083
test_2930,0.99949384
test_2931,0.000530952
test_2932,0.99930894
test_2934,0.992324
test_2936,0.000477409
test_2937,0.000336078
test_2940,0.000810692
